name,format,runs,balls,matches,innings
Ayush Mhatre,T20,5736,3669,159,147
Glenn Phillips,T20,1867,1171,103,47
Ruturaj Gaikwad,T20,6059,3973,174,142
Sanju Samson,T20,5133,3244,172,129
Yashvardhan Dalal,T20,2938,1784,123,74
Shivam Dube,T20,2130,1274,155,91
Ravindra Jadeja,T20,1426,968,166,69
Prashant Veer,T20,806,519,154,56
Wanindu Hasaranga,T20,242,219,91,25
Mitchell Starc,T20,361,284,140,32
Lungi Ngidi,T20,29,34,25,9
Rishabh Pant,T20,4631,2907,154,126
Harnoor Singh,T20,831,508,40,22
Suryakumar Yadav,T20,3234,2218,141,114
KL Rahul,T20,5238,3305,176,116
Aiden Markram,T20,3760,2428,167,106
Heinrich Klaasen,T20,1046,714,83,42
Yuzvendra Chahal,T20,133,113,74,13
Akeal Hosein,T20,392,355,147,43
Mohammed Shami,T20,130,135,144,21
Arjun Tendulkar,T20,134,125,50,12
Adam Zampa,T20,73,55,76,10
Abhishek Sharma,T20,5993,3311,166,148
Travis Head,T20,462,319,13,11
Ishan Kishan,T20,4904,2800,158,119
Kamindu Mendis,T20,73,45,14,5
Arshin Kulkarni,T20,42,33,3,2
Kranthi Kumar,T20,1255,825,90,33
Will Jacks,T20,706,430,88,29
Jofra Archer,T20,29,19,17,4
Jaydev Unadkat,T20,38,57,55,8
Anrich Nortje,T20,12,15,47,5
Avinov Choudhary,T20,138,136,100,17
Pathum Nissanka,T20,4841,3160,134,120
Prithvi Shaw,T20,120,98,8,8
Nitish Kumar Reddy,T20,232,147,36,13
Mukul Choudhary,T20,4422,2554,164,96
Sherfane Rutherford,T20,533,297,19,13
Tilak Varma,T20,2332,1549,136,62
Krunal Pandya,T20,735,547,114,35
Auqib Nabi,T20,92,115,71,15
Zeeshan Ansari,T20,27,35,13,4
Nandre Burger,T20,6,4,1,1
Mukesh Choudhary,T20,2,6,2,1
Vaibhav Suryavanshi,T20,3518,2041,97,82
Yashasvi Jaiswal,T20,3999,2337,106,87
Manish Pandey,T20,1622,1127,79,54
Dhruv Jurel,T20,1190,745,72,44
Jacob Bethell,T20,786,565,47,40
Donovan Ferreira,T20,260,172,40,21
Aniket Verma,T20,37,23,5,2
Marco Jansen,T20,1025,753,69,44
Kagiso Rabada,T20,52,62,89,11
Harshal Patel,T20,73,84,30,9
Ravi Bishnoi,T20,42,53,56,15
Jordan Cox,T20,1129,744,43,41
Rachin Ravindra,T20,1300,857,57,50
Karun Nair,T20,942,754,58,49
Washington Sundar,T20,2569,1675,129,116
Nehal Wadhera,T20,132,104,11,8
Ayush Badoni,T20,413,274,35,16
Corbin Bosch,T20,561,403,43,19
Pat Cummins,T20,472,361,115,43
T Natarajan,T20,163,109,20,7
Kartik Tyagi,T20,16,22,11,4
Prashant Solanki,T20,29,25,11,1
Finn Allen,T20,4633,2613,122,110
Angkrish Raghuvanshi,T20,393,347,21,17
Cameron Green,T20,4591,2781,166,130
Abdul Samad,T20,1105,758,68,56
Tristan Stubbs,T20,3517,2164,121,64
Rovman Powell,T20,741,437,38,18
Anukul Roy,T20,1352,887,120,56
Shardul Thakur,T20,248,187,78,23
Varun Chakravarthy,T20,251,250,138,28
Avesh Khan,T20,87,112,73,18
Vaibhav Arora,T20,23,27,44,6
Sai Sudharsan,T20,5386,3350,140,117
Virat Kohli,T20,5108,3444,161,136
Devdutt Padikkal,T20,3330,2075,130,102
Rinku Singh,T20,2408,1523,124,69
Sunil Narine,T20,871,627,114,54
Tim David,T20,1474,886,82,54
Liam Livingstone,T20,1277,847,103,51
Ramandeep Singh,T20,2427,1390,151,79
KC Cariappa,T20,300,199,58,17
Josh Hazlewood,T20,180,202,127,21
Bhuvneshwar Kumar,T20,224,250,153,34
Kumar Kushagra,T20,2884,1897,115,107
Anuj Rawat,T20,131,112,13,9
George Linde,T20,46,54,9,8
Jamie Overton,T20,441,291,46,17
Azmatullah Omarzai,T20,317,258,42,17
Mayank Markande,T20,82,108,41,15
Harsh Dubey,T20,100,113,34,10
Prince Yadav,T20,28,49,19,8
Urvil Patel,T20,2157,1177,108,102
Ramakrishna Ghosh,T20,104,63,6,4
Mukesh Kumar,T20,91,97,30,11
Khaleel Ahmed,T20,8,25,13,6
Shivam Mavi,T20,170,136,46,18
Mitchell Marsh,T20,2410,1577,141,68
Kunal Chandela,T20,4903,3011,181,120
Swapnil Singh,T20,10,21,3,3
Tanay Thyagarajan,T20,327,264,66,21
Mayank Yadav,T20,12,13,30,3
Umran Malik,T20,103,99,38,13
Quinton de Kock,T20,156,96,6,6
Kartik Sharma,T20,3923,2319,136,99
Matt Henry,T20,28,39,32,3
Vicky Ostwal,T20,116,90,41,10
Vignesh Puthur,T20,227,215,115,16
Shreyas Gopal,T20,20,13,3,1
Ankit Kumar,T20,3077,1868,83,68
Prabhsimran Singh,T20,1645,1088,81,78
Brian Bennett,T20,2425,1572,80,67
Kangabam Priyojit Singh,T20,2718,1616,88,55
Karan Lal,T20,2035,1062,117,77
Sam Curran,T20,3080,1890,160,73
Sakibul Gani,T20,190,167,26,10
Harpreet Brar,T20,306,248,110,32
KM Asif,T20,68,43,24,5
Blessing Muzarbani,T20,575,414,91,29
Ashok Sharma,T20,225,175,77,17
Priyansh Arya,T20,3501,2157,126,112
Sarfaraz Khan,T20,3046,1658,98,79
Cooper Connolly,T20,1399,1174,105,71
Shreyas Iyer,T20,5974,3639,190,142
Manisankar Murasingh,T20,1283,761,56,30
Jitesh Sharma,T20,1468,906,141,56
Romario Shepherd,T20,443,270,54,17
Shivam Shukla,T20,160,156,76,14
Ottneil Baartman,T20,95,100,64,17
Sushant Mishra,T20,58,77,34,9
Yash Thakur,T20,143,155,63,14
Aman Rao,T20,1147,778,48,48
Nishant Sindhu,T20,49,25,4,4
Ajay Mandal,T20,146,116,24,5
Noor Ahmad,T20,117,117,65,17
Arshdeep Singh,T20,297,331,164,39
Jack Edwards,T20,84,54,21,7
Allah Ghazanfar,T20,137,158,60,15
Nuwan Thushara,T20,3,8,9,1
Ryan Rickelton,T20,2963,1757,86,79
Smaran Ravichandra,T20,1767,1120,37,29
Sameer Rizvi,T20,1152,760,51,43
Salil Arora,T20,1489,854,86,46
Naman Dhir,T20,706,413,40,22
Hardik Pandya,T20,1587,858,95,53
Sikandar Raza,T20,331,209,34,18
Chama Milind,T20,95,66,14,8
Jasprit Bumrah,T20,131,103,71,11
Trent Boult,T20,91,82,67,19
Manav Suthar,T20,46,36,24,8
Matheesha Pathirana,T20,48,65,64,10
Adil Rashid,T20,65,71,27,6
Shimron Hetmyer,T20,334,197,31,14
Suyash Sharma,T20,155,149,100,22
Phil Salt,T20,1689,1124,52,47
Nicholas Pooran,T20,450,305,18,14
Marcus Stoinis,T20,526,383,31,25
Nathan Ellis,T20,266,177,40,19
Ajinkya Rahane,T20,1815,1128,88,66
Nitish Rana,T20,2218,1312,104,65
Jayant Yadav,T20,34,28,7,2
Virat Singh,T20,2954,1787,107,79
Tanmay Agarwal,T20,234,172,11,6
Vipraj Nigam,T20,210,139,68,15
Kuldeep Yadav,T20,182,177,104,23
Shubman Gill,T20,3668,2392,106,95
Rohit Sharma,T20,3130,1956,104,85
Jos Buttler,T20,2767,1753,97,84
Dewald Brevis,T20,1561,935,66,55
David Miller,T20,199,133,16,11
Rahul Tewatia,T20,171,100,21,15
Mitchell Santner,T20,306,201,52,19
Mohammed Siraj,T20,110,97,115,15
Prasidh Krishna,T20,179,129,65,19
Sai Kishore,T20,432,292,55,20
Jacob Duffy,T20,79,62,43,11
Himmat Singh,T20,1597,1014,73,55
Tom Banton,T20,49,37,3,3
Lockie Ferguson,T20,248,178,66,25
Rasikh Dar,T20,30,39,31,8
Akaashdeep,T20,6,13,3,3
Riyan Parag,T20,1242,790,87,47
Robin Minz,T20,8,10,1,1
Mitchell Owen,T20,200,126,9,6
Shahbaz Ahmed,T20,825,529,115,59
Deepak Chahar,T20,155,120,35,14
Gurnoor Singh Brar,T20,0,0,1,0
Eshan Malinga,T20,56,42,24,5
Yudhvir Singh Charak,T20,0,0,1,0
Axar Patel,T20,696,446,68,35
Mukhtar Hussain,T20,0,0,8,0
Prithvi Raj Yarra,T20,17,9,8,1
Venkatesh Iyer,T20,2004,1408,75,63
Ravi Singh,T20,129,94,8,8
Digvesh Singh Rathi,T20,21,22,22,3
Vyshak Vijaykumar,T20,0,0,2,0
Rashid Khan,T20,143,119,40,11
Adam Milne,T20,125,80,23,6
Harshit Rana,T20,134,119,62,7
Tim Seifert,T20,2267,1457,62,52
Ben Dwarshuis,T20,12,12,6,3
Sandeep Sharma,T20,23,24,16,4
Rajat Patidar,T20,1869,1238,101,82
Abhishek Porel,T20,142,96,4,3
Matt Short,T20,41,42,4,4
Vishnu Vinod,T20,423,366,19,14
Aman Hakim Khan,T20,96,52,4,3
M Siddharth,T20,10,9,4,1
Anshul Kamboj,T20,40,46,15,5
Ashutosh Sharma,T20,442,255,32,16
Rahul Chahar,T20,8,3,5,1
Josh Inglis,T20,976,625,39,37
Jason Holder,T20,121,85,18,11
Mohsin Khan,T20,68,57,10,5
MS Dhoni,T20,198,130,10,6
Ishant Sharma,T20,45,51,33,8
Lalit Yadav,T20,1039,589,27,14
Arzan Nagwaswalla,T20,106,91,38,14
Sakib Hussain,T20,14,15,5,5
Joe Root,T20,1109,662,38,26
Shiran Fernando,T20,120,101,49,18
Amila Aponso,T20,149,94,46,10
Yuvraj Chaudhary,T20,409,237,9,9
Akash Vasisht,T20,483,268,37,16
Tharindu Rathnanayake,T20,68,57,16,5
Dushmantha Chameera,T20,47,38,29,8
Lukman Meriwala,T20,38,14,4,0
Rahul Tripathi,T20,1596,1061,52,44
Bhanu Pania,T20,1680,1089,47,43
Praveen Jayawickrama,T20,22,47,31,14
Akash Deep,T20,2,3,7,2
Dian Forrester,T20,782,512,48,15
James Coles,T20,132,85,18,9
Nick Kelly,T20,91,70,4,3
Xavier Bartlett,T20,3,8,7,3
Sam Hain,T20,832,479,28,25
Scott Curie,T20,53,53,18,12
Dunith Wellalage,T20,267,159,20,9
CV Stephen,T20,89,67,40,16
Ravi Teja,T20,53,51,22,11
Dan Mousley,T20,139,78,5,5
Rohan Kunnummal,T20,408,269,13,10
Luhan dre pretorious,T20,208,143,8,8
Bjorn Fortuin,T20,0,3,8,3
Shubham Dubey,T20,0,1,1,1
Ayush Mhatre,IPL,5623,3771,154,141
Ruturaj Gaikwad,IPL,4671,3249,176,135
Rahul Tripathi,IPL,3575,2434,110,91
Sanju Samson,IPL,4072,2678,138,111
Mukul Choudhary,IPL,5428,3546,178,119
Shivam Dube,IPL,1746,1103,170,71
Shahbaz Ahmed,IPL,1024,709,145,61
Prashant Veer,IPL,823,568,139,50
Mitchell Starc,IPL,190,185,140,31
Adam Zampa,IPL,58,51,138,8
Matheesha Pathirana,IPL,18,10,27,1
Shubman Gill,IPL,8738,5965,222,184
Bhanu Pania,IPL,912,668,43,37
Ishan Kishan,IPL,7340,4451,239,175
Joe Root,IPL,41,41,6,5
Suryakumar Yadav,IPL,2210,1469,108,75
Tilak Varma,IPL,5126,3256,213,122
Shivam Mavi,IPL,113,92,39,16
Shiran Fernando,IPL,279,258,216,31
Suyash Sharma,IPL,27,28,21,5
Blessing Muzarbani,IPL,5,9,12,4
Arshdeep Singh,IPL,193,174,142,37
Abhishek Sharma,IPL,10703,6458,296,253
Pathum Nissanka,IPL,5288,3639,140,120
Urvil Patel,IPL,2536,1506,158,110
Cameron Green,IPL,1212,801,77,51
Lalit Yadav,IPL,8347,5028,322,166
Rinku Singh,IPL,1635,1064,111,60
Krunal Pandya,IPL,1598,1065,137,66
Bjorn Fortuin,IPL,0,2,2,1
Kagiso Rabada,IPL,200,160,131,23
Mohammed Siraj,IPL,221,223,254,30
Ishant Sharma,IPL,42,50,58,8
Mitchell Marsh,IPL,2742,1861,117,90
Venkatesh Iyer,IPL,5170,3565,136,121
Karun Nair,IPL,1258,827,82,56
Kartik Sharma,IPL,2972,1959,108,64
Tristan Stubbs,IPL,2417,1567,97,67
Salil Arora,IPL,1757,1080,126,68
Axar Patel,IPL,820,596,122,45
Sunil Narine,IPL,515,375,111,50
Rashid Khan,IPL,201,151,129,26
Sai Kishore,IPL,68,60,41,9
Mohammed Shami,IPL,93,106,131,21
Ryan Rickelton,IPL,4853,2865,172,162
Virat Singh,IPL,7874,5021,223,170
Washington Sundar,IPL,3146,2131,217,134
KL Rahul,IPL,8272,5066,234,189
Kumar Kushagra,IPL,1889,1225,82,67
Hardik Pandya,IPL,1590,1018,171,79
Dewald Brevis,IPL,1563,941,86,68
Arjun Tendulkar,IPL,121,110,43,19
Kuldeep Yadav,IPL,391,421,223,44
Trent Boult,IPL,0,0,1,0
Eshan Malinga,IPL,62,57,23,6
Jordan Cox,IPL,1815,1333,76,66
Smaran Ravichandra,IPL,5538,3693,121,97
Brian Bennett,IPL,2547,1647,67,45
Dhruv Jurel,IPL,1462,919,89,47
Sarfaraz Khan,IPL,2522,1527,122,96
Kranthi Kumar,IPL,1324,818,142,67
Kangabam Priyojit Singh,IPL,4791,2769,169,118
Shardul Thakur,IPL,42,31,16,6
Anrich Nortje,IPL,58,51,15,5
Mayank Markande,IPL,35,23,19,5
Jasprit Bumrah,IPL,57,60,104,10
Virat Kohli,IPL,8178,5131,187,136
Tim Seifert,IPL,1664,1083,58,55
Shreyas Iyer,IPL,5060,3079,161,118
Ajinkya Rahane,IPL,1363,836,67,50
Karan Lal,IPL,1501,978,123,77
Glenn Phillips,IPL,3521,2341,121,83
Dian Forrester,IPL,1627,1083,124,55
Jitesh Sharma,IPL,669,440,58,27
Vipraj Nigam,IPL,190,151,35,14
Josh Hazlewood,IPL,142,148,93,23
Jaydev Unadkat,IPL,34,40,29,9
Sam Curran,IPL,2392,1508,207,65
Sandeep Sharma,IPL,0,2,5,2
Vaibhav Suryavanshi,IPL,6536,3840,180,160
Yashasvi Jaiswal,IPL,5095,3384,155,132
Sai Sudharsan,IPL,6292,4042,179,153
Yashvardhan Dalal,IPL,3555,2202,136,86
Nitish Rana,IPL,1553,966,93,53
Riyan Parag,IPL,3108,2148,158,94
Will Jacks,IPL,1555,1001,151,49
Yuzvendra Chahal,IPL,7,6,21,2
Ottneil Baartman,IPL,5,7,21,2
Lockie Ferguson,IPL,47,40,30,4
Harpreet Brar,IPL,164,145,118,19
Rohit Sharma,IPL,2607,1716,146,87
Manish Pandey,IPL,988,701,53,39
Jos Buttler,IPL,2227,1442,92,78
Kunal Chandela,IPL,2058,1232,74,49
Ramandeep Singh,IPL,629,383,76,42
Ravindra Jadeja,IPL,2039,1378,147,69
Sam Hain,IPL,1968,1233,68,55
Scott Curie,IPL,64,60,73,16
CV Stephen,IPL,70,74,93,11
Bhuvneshwar Kumar,IPL,209,182,141,28
Ravi Teja,IPL,15,17,17,5
Finn Allen,IPL,3866,2369,111,98
Josh Inglis,IPL,163,123,12,12
Rajat Patidar,IPL,3846,2607,201,143
Rishabh Pant,IPL,4110,2638,173,130
Devdutt Padikkal,IPL,2497,1607,97,83
Rachin Ravindra,IPL,500,352,58,27
Anukul Roy,IPL,909,557,78,39
Marco Jansen,IPL,2,6,2,0
Arzan Nagwaswalla,IPL,188,169,264,19
Varun Chakravarthy,IPL,201,186,138,27
Prasidh Krishna,IPL,53,44,25,10
Akash Vasisht,IPL,644,393,81,31
Tharindu Rathnanayake,IPL,166,111,27,8
Mitchell Santner,IPL,102,63,8,4
Prithvi Shaw,IPL,1103,676,43,41
Rovman Powell,IPL,21,12,3,2
Sikandar Raza,IPL,287,205,28,12
Umran Malik,IPL,17,29,26,6
Heinrich Klaasen,IPL,2965,2012,163,95
Mohsin Khan,IPL,63,64,47,11
Aiden Markram,IPL,818,538,29,25
Tanay Thyagarajan,IPL,112,102,61,21
Jason Holder,IPL,596,424,73,24
Sakib Hussain,IPL,80,81,42,16
Praveen Jayawickrama,IPL,115,107,140,17
Travis Head,IPL,280,232,16,14
Harshit Rana,IPL,43,39,16,4
Dushmantha Chameera,IPL,5,4,9,1
Pat Cummins,IPL,166,144,76,27
Tim David,IPL,188,129,22,9
Angkrish Raghuvanshi,IPL,151,98,9,8
Liam Livingstone,IPL,1139,759,43,31
Ravi Bishnoi,IPL,75,74,96,17
Yash Thakur,IPL,15,12,28,3
Sameer Rizvi,IPL,235,178,16,9
Khaleel Ahmed,IPL,98,73,43,10
Kamindu Mendis,IPL,253,211,45,14
Noor Ahmad,IPL,79,59,57,13
Avesh Khan,IPL,8,20,16,4
Mukesh Kumar,IPL,0,0,2,0
Himmat Singh,IPL,954,621,40,31
Cooper Connolly,IPL,78,86,18,7
Nicholas Pooran,IPL,432,289,28,20
Nick Kelly,IPL,302,241,10,10
Amila Aponso,IPL,86,72,51,12
Rohan Kunnummal,IPL,610,442,30,26
Nathan Ellis,IPL,165,152,100,25
Avinov Choudhary,IPL,78,74,32,13
Priyansh Arya,IPL,1813,1154,80,68
Sherfane Rutherford,IPL,400,296,21,14
Xavier Bartlett,IPL,0,0,1,0
Naman Dhir,IPL,626,479,35,25
Shreyas Gopal,IPL,0,0,1,0
Jofra Archer,IPL,109,87,20,12
Luhan dre pretorious,IPL,1676,1151,72,67
Aman Rao,IPL,223,169,13,11
Deepak Chahar,IPL,79,51,31,5
Yuvraj Chaudhary,IPL,923,594,42,30
Mayank Yadav,IPL,68,60,46,4
Harshal Patel,IPL,46,62,38,12
MS Dhoni,IPL,30,19,1,1
Lungi Ngidi,IPL,83,79,78,16
Mitchell Owen,IPL,19,20,6,3
Prabhsimran Singh,IPL,3048,1877,109,99
Adil Rashid,IPL,20,20,17,8
Matt Henry,IPL,4,9,17,5
Jacob Bethell,IPL,2156,1295,94,89
Jamie Overton,IPL,96,59,27,7
Ajay Mandal,IPL,16,12,2,2
Rahul Chahar,IPL,11,9,11,1
Akash Deep,IPL,16,12,7,3
Allah Ghazanfar,IPL,23,16,31,1
Ankit Kumar,IPL,2660,1592,85,65
Vignesh Puthur,IPL,0,2,5,2
Ashok Sharma,IPL,658,507,207,61
Ashutosh Sharma,IPL,406,262,33,17
Akeal Hosein,IPL,521,481,151,60
Corbin Bosch,IPL,360,249,45,23
Ravi Singh,IPL,389,265,15,13
Mukhtar Hussain,IPL,42,32,39,7
Vishnu Vinod,IPL,76,55,7,3
Auqib Nabi,IPL,0,0,3,0
Rasikh Dar,IPL,54,38,40,5
Manisankar Murasingh,IPL,588,369,66,30
Harnoor Singh,IPL,630,462,21,19
KM Asif,IPL,35,33,33,5
Marcus Stoinis,IPL,569,386,35,22
Chama Milind,IPL,21,16,3,1
Anshul Kamboj,IPL,37,36,37,6
Harsh Dubey,IPL,419,413,97,48
Jacob Duffy,IPL,46,38,38,5
Delano Potgieter,IPL,308,170,20,13
Atit Sheth,IPL,583,428,71,24
Sahan Arachchige,IPL,806,633,182,57
Dushan Hemantha,IPL,168,150,137,24
James Rew,IPL,1406,847,85,44
Donovan Ferreira,IPL,158,123,16,9
Wanindu Hasaranga,IPL,449,384,95,26
Malinda Pushpakumara,IPL,184,158,156,17
Gurinder Singh,IPL,605,526,187,52
Darshan Nalkande,IPL,4,8,8,2
KS Bharat,IPL,256,194,10,10
Quinton de Kock,IPL,1523,1002,59,56
Nitish Kumar Reddy,IPL,843,498,79,36
Deepak Hooda,IPL,1112,786,56,38
Dinuka Dilshan,IPL,80,65,12,4
Brad Evans,IPL,45,35,11,5
Prabath Jayasuriya,IPL,88,82,72,12
Suryansh Shedge,T20,58,38,4,2
Mridul Surroch,IPL,1415,851,93,54
Nishan Peiris,IPL,75,71,46,11
Bevon Jacobs,IPL,1105,753,57,31
Sairaj Patil,IPL,952,528,83,34
Harry Brook,IPL,2198,1431,104,80
Ruchit Ahir,IPL,3583,2158,137,105
Sanvir Singh,IPL,599,348,52,25
Shivam Shukla,IPL,13,12,12,2
Chetan Sakariya,IPL,17,15,28,1
Suryansh Shedge,IPL,680,494,71,54
Harry Brook,T20,476,327,28,23
Sanvir Singh,T20,54,31,5,2
Ruchit Ahir,T20,207,123,9,5
Chetan Sakariya,T20,0,0,3,0
Shivang Kumar,IPL,38,37,5,5
Vishen Halambage,T20,450,228,14,10
Codanda Ajit Karthik,IPL,106,64,10,6
Carlos Brathwaite,IPL,0,0,1,0
Vishen Halambage,IPL,2060,1291,135,71
Sandeep Warrier,IPL,6,4,3,1
Umesh Yadav,IPL,1,4,3,1
Shashank Singh,IPL,33,22,6,4
Ben Stokes,IPL,319,285,43,25
Phil Salt,IPL,677,440,22,21
Manav Suthar,IPL,10,14,25,2
Sdnv Prasad,IPL,2128,1327,106,52
Gurnoor Singh Brar,IPL,27,29,14,8
KS Bharat,T20,45,49,2,1
Shivang Kumar,T20,0,0,2,0
Prince Yadav,IPL,67,63,70,8
Gus Atkinson,IPL,68,79,52,16
Krishnappa Gowtham,IPL,33,29,12,4
Nandre Burger,IPL,0,0,2,0
David Warner,IPL,2021,1482,66,59
Kishan Lyngdoh,IPL,1514,1022,50,36
Binura Fernando,IPL,95,72,24,2
James Rew,T20,101,76,9,5
Malinda Pushpakumara,T20,10,14,11,1
David Miller,IPL,1471,934,91,57
Dunith Wellalage,IPL,38,35,11,4
Gurinder Singh,T20,7,15,9,6
Prabath Jayasuriya,T20,11,21,8,4
Krishnappa Gowtham,T20,1,4,2,1
Nishant Sindhu,IPL,364,266,28,19
Shubham Dubey,IPL,385,272,14,12
Matt Short,IPL,1435,979,51,49
Arpit Vasavada,IPL,413,243,47,25
Murvin Abinash,IPL,3,2,2,0
Aneurin Donald,IPL,2130,1214,80,63
Seekkuge Prasanna,IPL,267,141,35,11
Steve Smith,IPL,1061,753,29,22
Jacques Snyman,IPL,16,22,5,3
Matt Renshaw,IPL,178,95,6,5
Joel Davies,IPL,2170,1322,96,92
Lone Nasir Muzaffar,IPL,12,9,7,0
Glenton Stuurman,IPL,37,41,58,6
Raj Angad Bawa,IPL,327,219,67,27
Samant Jakhar,IPL,63,50,11,7
Shubham Agarwal,IPL,177,185,55,15
Sonny Baker,IPL,3,15,47,7
Theesan Vithushan,IPL,12,16,46,4
Mayank Agarwal,IPL,51,40,5,5
Aaron Hardie,IPL,253,194,13,10
Karan Shinde,IPL,782,503,45,20
Sayan Ghosh,IPL,36,30,9,4
Gangam Anikethreddy,IPL,37,40,31,6
Senitha Halambage,IPL,0,1,5,1
Jonny Bairstow,IPL,312,245,13,12
Josh Philippe,IPL,594,360,22,21
Samant Jakhar,T20,213,155,17,17
Shubham Agarwal,T20,70,71,11,7
Sonny Baker,T20,7,26,10,7
Theesan Vithushan,T20,10,32,13,10
CJ Bowes,T20,279,191,9,4
Chris Lynn,T20,254,131,11,3
Brad Evans,T20,16,23,9,5
Ajay Dev Goud,T20,15,18,9,4
Rahmanullah Gurbaz,IPL,86,68,9,7
Vaisakh Chandran,IPL,78,75,35,10
Aneurin Donald,T20,630,310,11,4
Seekkuge Prasanna,T20,0,3,6,2
Steve Smith,T20,29,18,3,3
Ashwin Das,IPL,129,99,19,9
CJ Bowes,IPL,449,327,11,8
Chris Lynn,IPL,1230,781,43,30
Ajay Dev Goud,IPL,52,53,23,8
Luke Wood,IPL,35,39,12,4
Ashwin Das,T20,26,28,4,3
Nishan Peiris,T20,0,0,1,0
Shimron Hetmyer,IPL,49,39,1,1
Joel Davies,T20,27,17,2,2
Matthew Forde,IPL,58,50,21,7
Vidwath Kaverappa,IPL,5,8,16,1
Christopher Britz,IPL,759,455,24,22
Ismat Alam,IPL,101,84,19,7
Jai Moondra,IPL,23,18,15,0
Athisayaraj Davidson,IPL,0,0,3,0
Ashish Singh,IPL,8,8,7,1
Lasith Embuldeniya,IPL,34,26,15,2
Isitha Wijesundara,IPL,1,6,8,3
Duvindu Tillakaratne,IPL,55,47,6,2
Raj Limbani,IPL,1,2,5,1
Kusal Mendis,IPL,666,477,22,19
Bipin Saurabh,IPL,98,75,6,4
Tripuresh Singh,IPL,14,16,18,3
Sonu Yadav,IPL,18,15,4,3
Lance Morris,IPL,0,0,8,0
Yash Dhull,IPL,380,287,8,8
Ashton Turner,IPL,117,76,8,5
Beau Webster,IPL,80,71,5,5
Craig Overton,IPL,42,43,12,5
Sonal Dinusha,IPL,31,26,9,2
Mohamed Shiraz,IPL,0,0,7,0
Nimesh Vimukthi,IPL,13,6,6,1
Maheesh Theekshana,IPL,2,2,4,0
Abhimanyu Easwaran,IPL,558,321,15,10
Dega Nischal,IPL,42,33,4,2
Dasun Shanaka,IPL,146,90,16,5
Duan Jansen,IPL,17,23,6,4
Vasuki Koushik,IPL,16,14,4,1
Christopher Britz,T20,53,63,2,2
Sdnv Prasad,T20,29,30,2,1
Ismat Alam,T20,14,13,2,1
Deepak Hooda,T20,1,2,2,0
Jai Moondra,T20,0,0,2,0
Athisayaraj Davidson,T20,0,0,2,0
Bipin Saurabh,T20,379,208,6,4
Tripuresh Singh,T20,16,11,7,2
Sonu Yadav,T20,93,74,5,5
Lance Morris,T20,6,5,5,0
Charith Asalanka,IPL,99,40,4,4
Josh Tongue,IPL,45,36,11,3
Calvin Harrison,IPL,37,29,22,2
Dan Lawrence,IPL,28,24,2,1
Saransh Jain,IPL,27,22,20,0
Dan Lawrence,T20,0,0,4,0
Nimesh Vimukthi,T20,0,1,1,1
Maheesh Theekshana,T20,1,1,1,0
Isitha Wijesundara,T20,11,8,1,0
Duvindu Tillakaratne,T20,0,0,1,0
Raj Limbani,T20,0,0,1,0
Yash Dhull,T20,13,12,1,1
Mridul Surroch,T20,63,46,1,0
Ashton Turner,T20,0,1,1,1
Beau Webster,T20,32,21,1,1
Craig Overton,T20,11,11,1,1
Sonal Dinusha,T20,0,1,1,0
Mohamed Shiraz,T20,0,0,1,0
Charith Asalanka,T20,8,10,3,2
Sahan Arachchige,T20,2,5,3,2
Dega Nischal,T20,39,26,3,2
Dasun Shanaka,T20,38,19,2,2
Duan Jansen,T20,7,10,2,2
Vasuki Koushik,T20,0,1,2,1
Vaisakh Chandran,T20,0,1,3,1
Chamika Gunasekara,IPL,18,17,9,0
Kamil Mishara,IPL,62,46,2,2
Lahiru Udara,IPL,41,27,2,2
Gareth Delany,IPL,17,10,5,2
Kusal Mendis,T20,2,3,1,1
Gangam Anikethreddy,T20,0,1,1,1
Saransh Jain,T20,10,4,1,0
Gareth Delany,T20,4,6,1,1
Abhimanyu Easwaran,T20,57,27,1,1
